transaction_date,symboling,normalized-losses,make,aspiration,num-of-doors,drive-wheels,engine-location,wheel-base,length,width,height,curb-weight,engine-type,num-of-cylinders,engine-size,fuel-system,bore,stroke,compression-ratio,horsepower,peak-rpm,city-mpg,highway-mpg,price,price_minmax,city-L/100km,horsepower-binned,diesel,gas,body_style_convertible,body_style_hardtop,body_style_hatchback,body_style_sedan,body_style_wagon
2025-01-01,3,122,alfa-romero,std,two,rwd,front,88.6,0.8111484863046613,0.8902777777777777,48.8,2548,dohc,four,130,mpfi,3.47,2.68,9.0,111.0,5000.0,21,27,13495.0,0.20795888982672162,11.190476190476188,medium,0,1,1,0,0,0,0
2025-01-02,3,122,alfa-romero,std,two,rwd,front,88.6,0.8111484863046613,0.8902777777777777,48.8,2548,dohc,four,130,mpfi,3.47,2.68,9.0,111.0,5000.0,21,27,16500.0,0.2825579663373219,11.190476190476188,medium,0,1,1,0,0,0,0
2025-01-03,1,122,alfa-romero,std,two,rwd,front,94.5,0.8226814031715521,0.9097222222222222,52.4,2823,ohcv,six,152,mpfi,2.68,3.47,9.0,154.0,5000.0,19,26,16500.0,0.2825579663373219,12.36842105263158,medium,0,1,0,0,1,0,0
2025-01-04,2,164,audi,std,four,fwd,front,99.8,0.8486304661220567,0.9194444444444444,54.3,2337,ohc,four,109,mpfi,3.19,3.4,10.0,102.0,5500.0,24,30,13950.0,0.21925425748473262,9.791666666666666,medium,0,1,0,0,0,1,0
2025-01-05,2,164,audi,std,four,4wd,front,99.4,0.8486304661220567,0.9222222222222224,54.3,2824,ohc,five,136,mpfi,3.19,3.4,8.0,115.0,5500.0,18,22,17450.0,0.30614170100789434,13.055555555555555,medium,0,1,0,0,0,1,0
2025-01-06,2,122,audi,std,two,fwd,front,99.8,0.8519942335415667,0.9208333333333332,53.1,2507,ohc,five,136,mpfi,3.19,3.4,8.5,110.0,5500.0,19,25,15250.0,0.25152673650762125,12.36842105263158,medium,0,1,0,0,0,1,0
2025-01-07,1,158,audi,std,four,fwd,front,105.8,0.9259971167707832,0.9916666666666668,55.7,2844,ohc,five,136,mpfi,3.19,3.4,8.5,110.0,5500.0,19,25,17710.0,0.3125961968124721,12.36842105263158,medium,0,1,0,0,0,1,0
2025-01-08,1,122,audi,std,four,fwd,front,105.8,0.9259971167707832,0.9916666666666668,55.7,2954,ohc,five,136,mpfi,3.19,3.4,8.5,110.0,5500.0,19,25,18920.0,0.3426344272876223,12.36842105263158,medium,0,1,0,0,0,0,1
2025-01-09,1,158,audi,turbo,four,fwd,front,105.8,0.9259971167707832,0.9916666666666668,55.9,3086,ohc,five,131,mpfi,3.13,3.4,8.3,140.0,5500.0,17,20,23875.0,0.4656422223325555,13.823529411764708,medium,0,1,0,0,0,1,0
2025-01-10,2,192,bmw,std,two,rwd,front,101.2,0.8495915425276309,0.8999999999999999,54.3,2395,ohc,four,108,mpfi,3.5,2.8,8.8,101.0,5800.0,23,29,16430.0,0.28082021746685865,10.217391304347826,low,0,1,0,0,0,1,0
2025-01-11,0,192,bmw,std,four,rwd,front,101.2,0.8495915425276309,0.8999999999999999,54.3,2395,ohc,four,108,mpfi,3.5,2.8,8.8,101.0,5800.0,23,29,10270.0,0.12789831686609404,10.217391304347826,low,0,1,0,0,0,1,0
2025-01-12,0,188,bmw,std,two,rwd,front,101.2,0.8495915425276309,0.8999999999999999,54.3,2710,ohc,six,164,mpfi,3.31,3.19,9.0,121.0,4250.0,21,28,20970.0,0.39352564420833125,11.190476190476188,medium,0,1,0,0,0,1,0
2025-01-13,0,188,bmw,std,four,4wd,front,101.2,0.8495915425276309,0.8999999999999999,54.3,2765,ohc,six,164,mpfi,3.31,3.19,9.0,121.0,4250.0,21,28,21105.0,0.39687701702993894,11.190476190476188,medium,0,1,0,0,0,1,0
2025-01-14,1,122,bmw,std,four,rwd,front,103.5,0.9082172032676598,0.9291666666666668,55.7,3055,ohc,six,164,mpfi,3.31,3.19,9.0,121.0,4250.0,20,25,24565.0,0.48277146119855024,11.75,medium,0,1,0,0,0,1,0
2025-01-15,0,122,bmw,std,four,rwd,front,103.5,0.9082172032676598,0.9291666666666668,55.7,3230,ohc,six,209,mpfi,3.62,3.39,8.0,182.0,5400.0,16,22,30760.0,0.6365622362345464,14.6875,high,0,1,0,0,0,1,0
2025-01-16,0,122,bmw,std,four,rwd,front,103.5,0.9312830370014415,0.9430555555555556,53.7,3380,ohc,six,209,mpfi,3.62,3.39,8.0,182.0,5400.0,16,22,41315.0,0.8985899409165384,14.6875,high,0,1,0,0,0,1,0
2025-01-17,0,122,bmw,std,four,rwd,front,110.0,0.9466602594906296,0.9847222222222224,56.3,3505,ohc,six,209,mpfi,3.62,3.39,8.0,182.0,5400.0,15,20,36880.0,0.7884911374807606,15.666666666666664,high,0,1,0,0,0,1,0
2025-01-18,2,121,chevrolet,std,two,fwd,front,88.4,0.6780394041326285,0.8374999999999999,53.2,1488,l,three,61,2bbl,2.91,3.03,9.5,48.0,5100.0,47,53,5151.0,0.0008192244675040961,5.0,low,0,1,0,0,1,0,0
2025-01-19,1,98,chevrolet,std,two,fwd,front,94.5,0.7491590581451226,0.8833333333333333,52.0,1874,ohc,four,90,mpfi,3.03,3.11,9.6,70.0,5400.0,38,43,6295.0,0.029219006007646094,6.184210526315789,low,0,1,0,0,1,0,0
2025-01-20,0,81,chevrolet,std,four,fwd,front,94.5,0.7630946660259491,0.8833333333333333,52.0,1909,ohc,four,90,2bbl,3.03,3.11,9.6,70.0,5400.0,38,43,6575.0,0.03617000148949903,6.184210526315789,low,0,1,0,0,0,1,0
2025-01-21,1,118,dodge,std,two,fwd,front,93.7,0.7558865929841423,0.8861111111111111,50.8,1876,ohc,four,90,2bbl,2.97,3.23,9.41,95.0,5500.0,37,41,5572.0,0.011270542674147262,6.351351351351353,low,0,1,0,0,1,0,0
2025-01-22,1,118,dodge,std,two,fwd,front,93.7,0.7558865929841423,0.8861111111111111,50.8,1876,ohc,four,90,2bbl,2.97,3.23,9.4,68.0,5500.0,31,38,6377.0,0.031254654684474456,7.580645161290323,low,0,1,0,0,1,0,0
2025-01-23,1,118,dodge,turbo,two,fwd,front,93.7,0.7558865929841423,0.8861111111111111,50.8,2128,ohc,four,98,mpfi,3.03,3.39,7.6,102.0,5500.0,24,30,7957.0,0.07047812918921603,9.791666666666666,medium,0,1,0,0,1,0,0
2025-01-24,1,148,dodge,std,four,fwd,front,93.7,0.7558865929841423,0.8861111111111111,50.6,1967,ohc,four,90,2bbl,2.97,3.23,9.4,68.0,5500.0,31,38,6229.0,0.0275805570726379,7.580645161290323,low,0,1,0,0,1,0,0
2025-01-25,1,148,dodge,std,four,fwd,front,93.7,0.7558865929841423,0.8861111111111111,50.6,1989,ohc,four,90,2bbl,2.97,3.23,9.4,68.0,5500.0,31,38,6692.0,0.03907452460155901,7.580645161290323,low,0,1,0,0,0,1,0
2025-01-26,1,148,dodge,std,four,fwd,front,93.7,0.7558865929841423,0.8861111111111111,50.6,1989,ohc,four,90,2bbl,2.97,3.23,9.4,68.0,5500.0,31,38,7609.0,0.06183903480462738,7.580645161290323,low,0,1,0,0,0,1,0
2025-01-27,1,148,dodge,turbo,four,fwd,front,93.7,0.7558865929841423,0.8861111111111111,50.6,2191,ohc,four,98,mpfi,3.03,3.39,7.6,102.0,5500.0,24,30,8558.0,0.08539794449133609,9.791666666666666,medium,0,1,0,0,0,1,0
2025-01-28,-1,110,dodge,std,four,fwd,front,103.3,0.8390197020663143,0.8972222222222221,59.8,2535,ohc,four,122,2bbl,3.34,3.46,8.5,88.0,5000.0,24,30,8921.0,0.09440941363388114,9.791666666666666,low,0,1,0,0,0,0,1
2025-01-29,3,145,dodge,turbo,two,fwd,front,95.9,0.8322921672272945,0.9208333333333332,50.2,2811,ohc,four,156,mfi,3.6,3.9,7.0,145.0,5000.0,19,24,12964.0,0.1947768233950648,12.36842105263158,medium,0,1,0,0,1,0,0
2025-01-30,2,137,honda,std,two,fwd,front,86.6,0.6948582412301778,0.8875,50.8,1713,ohc,four,92,1bbl,2.91,3.41,9.6,58.0,4800.0,49,54,6479.0,0.03378680303857803,4.795918367346938,low,0,1,0,0,1,0,0
2025-01-31,2,137,audi,std,two,fwd,front,86.6,0.6948582412301778,0.8875,50.8,1819,ohc,four,92,1bbl,2.91,3.41,9.2,76.0,6000.0,31,38,6855.0,0.043120996971351966,7.580645161290323,low,0,1,0,0,1,0,0
2025-02-01,1,101,honda,std,two,fwd,front,93.7,0.7208073041806824,0.8888888888888888,52.6,1837,ohc,four,79,1bbl,2.91,3.07,10.1,60.0,5500.0,38,42,5399.0,0.006975820465716698,6.184210526315789,low,0,1,0,0,1,0,0
2025-02-02,1,101,honda,std,two,fwd,front,93.7,0.7208073041806824,0.8888888888888888,52.6,1940,ohc,four,92,1bbl,2.91,3.41,9.2,76.0,6000.0,30,34,6529.0,0.03502805223176605,7.833333333333332,low,0,1,0,0,1,0,0
2025-02-03,1,101,honda,std,two,fwd,front,93.7,0.7208073041806824,0.8888888888888888,52.6,1956,ohc,four,92,1bbl,2.91,3.41,9.2,76.0,6000.0,30,34,7129.0,0.04992304255002234,7.833333333333332,low,0,1,0,0,1,0,0
2025-02-04,0,110,honda,std,four,fwd,front,96.5,0.7851994233541567,0.8888888888888888,54.5,2010,ohc,four,92,1bbl,2.91,3.41,9.2,76.0,6000.0,30,34,7295.0,0.054043989871406586,7.833333333333332,low,0,1,0,0,0,1,0
2025-02-05,0,78,honda,std,four,fwd,front,96.5,0.7549255165785679,0.8875,58.3,2024,ohc,four,92,1bbl,2.92,3.41,9.2,76.0,6000.0,30,34,10270.0,0.12789831686609404,7.833333333333332,low,0,1,0,0,0,0,1
2025-02-06,0,106,honda,std,two,fwd,front,96.5,0.8049014896684287,0.9055555555555556,53.3,2236,ohc,four,110,1bbl,3.15,3.58,9.0,86.0,5800.0,27,33,7895.0,0.06893898018966288,8.703703703703704,low,0,1,0,0,1,0,0
2025-02-07,0,106,honda,std,two,fwd,front,96.5,0.8049014896684287,0.9055555555555556,53.3,2289,ohc,four,110,1bbl,3.15,3.58,9.0,86.0,5800.0,27,33,9095.0,0.09872896082617547,8.703703703703704,low,0,1,0,0,1,0,0
2025-02-08,0,85,honda,std,four,fwd,front,96.5,0.8428640076886112,0.9055555555555556,54.1,2304,ohc,four,110,1bbl,3.15,3.58,9.0,86.0,5800.0,27,33,8845.0,0.09252271486023535,8.703703703703704,low,0,1,0,0,0,1,0
2025-02-09,0,85,honda,std,four,fwd,front,96.5,0.8428640076886112,0.8680555555555556,54.1,2372,ohc,four,110,1bbl,3.15,3.58,9.0,86.0,5800.0,27,33,10295.0,0.12851894146268805,8.703703703703704,low,0,1,0,0,0,1,0
2025-02-10,0,85,honda,std,four,fwd,front,96.5,0.8428640076886112,0.9055555555555556,54.1,2465,ohc,four,110,mpfi,3.15,3.58,9.0,101.0,5800.0,24,28,12945.0,0.19430514870165336,9.791666666666666,low,0,1,0,0,0,1,0
2025-02-11,1,107,honda,std,two,fwd,front,96.5,0.8125901009130225,0.9166666666666666,51.0,2293,ohc,four,110,2bbl,3.15,3.58,9.1,100.0,5500.0,25,31,10345.0,0.12976019065587607,9.4,low,0,1,0,0,0,1,0
2025-02-12,0,122,isuzu,std,four,rwd,front,94.3,0.8202787121576165,0.8583333333333333,53.5,2337,ohc,four,111,2bbl,3.31,3.23,8.5,78.0,4800.0,24,29,6785.0,0.04138324810088873,9.791666666666666,low,0,1,0,0,0,1,0
2025-02-13,2,122,isuzu,std,two,rwd,front,96.0,0.8294089380105718,0.9055555555555556,51.4,2734,ohc,four,119,spfi,3.43,3.23,9.2,90.0,5000.0,24,29,11048.0,0.1472121543120997,9.791666666666666,low,0,1,0,0,1,0,0
2025-02-14,0,145,jaguar,std,four,rwd,front,113.0,0.9591542527630946,0.9666666666666666,52.8,4066,dohc,six,258,mpfi,3.63,4.17,8.1,176.0,4750.0,15,19,32250.0,0.6735514621915496,15.666666666666664,high,0,1,0,0,0,1,0
2025-02-15,0,122,jaguar,std,four,rwd,front,113.0,0.9591542527630946,0.9666666666666666,52.8,4066,dohc,six,258,mpfi,3.63,4.17,8.1,176.0,4750.0,15,19,35550.0,0.7554739089419592,15.666666666666664,high,0,1,0,0,0,1,0
2025-02-16,0,122,jaguar,std,two,rwd,front,102.0,0.921191734742912,0.9805555555555556,47.8,3950,ohcv,twelve,326,mpfi,3.54,2.76,11.5,262.0,5000.0,13,17,36000.0,0.7666451516806514,18.07692307692308,high,0,1,0,0,0,1,0
2025-02-17,1,104,mazda,std,two,fwd,front,93.1,0.7645362806343105,0.8916666666666667,54.1,1890,ohc,four,91,2bbl,3.03,3.15,9.0,68.0,5000.0,30,31,5195.0,0.0019115237575095577,7.833333333333332,low,0,1,0,0,1,0,0
2025-02-18,1,104,mazda,std,two,fwd,front,93.1,0.7645362806343105,0.8916666666666667,54.1,1900,ohc,four,91,2bbl,3.03,3.15,9.0,68.0,5000.0,31,38,6095.0,0.024254009234893997,7.580645161290323,low,0,1,0,0,1,0,0
2025-02-19,1,104,mazda,std,two,fwd,front,93.1,0.7645362806343105,0.8916666666666667,54.1,1905,ohc,four,91,2bbl,3.03,3.15,9.0,68.0,5000.0,31,38,6795.0,0.04163149793952634,7.580645161290323,low,0,1,0,0,1,0,0
2025-02-20,1,113,mazda,std,four,rwd,front,93.1,0.8015377222489188,0.8916666666666667,54.1,1945,ohc,four,91,2bbl,3.03,3.15,9.0,68.0,5000.0,31,38,6695.0,0.03914899955315029,7.580645161290323,low,0,1,0,0,0,1,0
2025-02-21,1,113,mazda,std,four,fwd,front,93.1,0.8015377222489188,0.8916666666666667,54.1,1950,ohc,four,91,2bbl,3.08,3.15,9.0,68.0,5000.0,31,38,7395.0,0.056526488257782635,7.580645161290323,low,0,1,0,0,0,1,0
2025-02-22,3,150,mazda,std,two,rwd,front,95.3,0.8121095627102355,0.9125,49.6,2380,rotor,two,70,4bbl,3.329751243781096,3.29,9.4,101.0,6000.0,17,23,10945.0,0.14465518097413238,13.823529411764708,low,0,1,0,0,1,0,0
2025-02-23,3,150,mazda,std,two,rwd,front,95.3,0.8121095627102355,0.9125,49.6,2380,rotor,two,70,4bbl,3.329751243781096,3.29,9.4,101.0,6000.0,17,23,11845.0,0.1669976664515168,13.823529411764708,low,0,1,0,0,1,0,0
2025-02-24,3,150,mazda,std,two,rwd,front,95.3,0.8121095627102355,0.9125,49.6,2385,rotor,two,70,4bbl,3.329751243781096,3.29,9.4,101.0,6000.0,17,23,13645.0,0.21168263740628568,13.823529411764708,low,0,1,0,0,1,0,0
2025-02-25,3,150,mazda,std,two,rwd,front,95.3,0.8121095627102355,0.9125,49.6,2500,rotor,two,80,mpfi,3.329751243781096,3.29,9.4,95.0,6000.0,16,23,15645.0,0.2613326051338067,14.6875,medium,0,1,0,0,1,0,0
2025-02-26,1,129,mazda,std,two,fwd,front,98.8,0.8543969245555022,0.9236111111111112,53.7,2385,ohc,four,122,2bbl,3.39,3.39,8.6,84.0,4800.0,26,32,8845.0,0.09252271486023535,9.038461538461537,low,0,1,0,0,1,0,0
2025-02-27,0,115,mazda,std,four,fwd,front,98.8,0.8543969245555022,0.9236111111111112,55.5,2410,ohc,four,122,2bbl,3.39,3.39,8.6,84.0,4800.0,26,32,8495.0,0.08383397050791917,9.038461538461537,low,0,1,0,0,0,1,0
2025-02-28,1,129,mazda,std,two,fwd,front,98.8,0.8543969245555022,0.9236111111111112,53.7,2385,ohc,four,122,2bbl,3.39,3.39,8.6,84.0,4800.0,26,32,10595.0,0.1359664366218162,9.038461538461537,low,0,1,0,0,1,0,0
2025-03-01,0,115,mazda,std,four,fwd,front,98.8,0.8543969245555022,0.9236111111111112,55.5,2410,ohc,four,122,2bbl,3.39,3.39,8.6,84.0,4800.0,26,32,10245.0,0.12727769226950003,9.038461538461537,low,0,1,0,0,0,1,0
2025-03-02,0,122,mazda,std,four,fwd,front,98.8,0.8543969245555022,0.9236111111111112,55.5,2443,ohc,four,122,idi,3.39,3.39,22.7,64.0,4650.0,36,42,10795.0,0.1409314333945683,6.527777777777778,low,1,0,0,0,0,1,0
2025-03-03,0,115,mazda,std,four,fwd,front,98.8,0.8543969245555022,0.9236111111111112,55.5,2425,ohc,four,122,2bbl,3.39,3.39,8.6,84.0,4800.0,26,32,11245.0,0.1521026761332605,9.038461538461537,low,0,1,0,0,1,0,0
2025-03-04,0,118,mazda,std,four,rwd,front,104.9,0.8409418548774628,0.9180555555555556,54.4,2670,ohc,four,140,mpfi,3.76,3.16,8.0,120.0,5000.0,19,27,18280.0,0.32674643761481553,12.36842105263158,medium,0,1,0,0,0,1,0
2025-03-05,0,122,mazda,std,four,rwd,front,104.9,0.8409418548774628,0.9180555555555556,54.4,2700,ohc,four,134,idi,3.43,3.64,22.0,72.0,4200.0,31,39,18344.0,0.32833523658209623,7.580645161290323,low,1,0,0,0,0,1,0
2025-03-06,-1,93,mercedes-benz,turbo,four,rwd,front,110.0,0.9173474291206152,0.9763888888888888,56.5,3515,ohc,five,183,idi,3.58,3.64,21.5,123.0,4350.0,22,25,25552.0,0.5072737202720818,10.681818181818182,medium,1,0,0,0,0,1,0
2025-03-07,-1,93,mercedes-benz,turbo,four,rwd,front,110.0,0.9173474291206152,0.9763888888888888,58.7,3750,ohc,five,183,mpfi,3.58,3.64,21.5,123.0,4350.0,22,25,28248.0,0.5742018767687801,10.681818181818182,medium,1,0,0,0,0,0,1
2025-03-08,0,93,mercedes-benz,turbo,two,rwd,front,106.7,0.9010091302258528,0.9763888888888888,54.9,3495,ohc,five,183,idi,3.58,3.64,21.5,123.0,4350.0,22,25,28176.0,0.5724144779305893,10.681818181818182,medium,1,0,0,1,0,0,0
2025-03-09,-1,93,mercedes-benz,turbo,four,rwd,front,115.6,0.9735703988467084,0.9958333333333332,56.3,3770,ohc,five,183,idi,3.58,3.64,21.5,123.0,4350.0,22,25,31600.0,0.6574152226801052,10.681818181818182,medium,1,0,0,0,0,1,0
2025-03-10,-1,122,mercedes-benz,std,four,rwd,front,115.6,0.9735703988467084,0.9958333333333332,56.5,3740,ohcv,eight,234,mpfi,3.46,3.1,8.3,155.0,4750.0,16,18,34184.0,0.7215629809840624,14.6875,medium,0,1,0,0,0,1,0
2025-03-11,3,142,mercedes-benz,std,two,rwd,front,96.6,0.8664103796251803,0.9791666666666666,50.8,3685,ohcv,eight,234,mpfi,3.46,3.1,8.3,155.0,4750.0,16,18,35056.0,0.7432103669132615,14.6875,medium,0,1,1,0,0,0,0
2025-03-12,0,122,mercedes-benz,std,four,rwd,front,120.9,1.0,0.9958333333333332,56.7,3900,ohcv,eight,308,mpfi,3.8,3.35,8.0,184.0,4500.0,14,16,40960.0,0.8897770716449034,16.785714285714285,high,0,1,0,0,0,1,0
2025-03-13,1,122,mercedes-benz,std,two,rwd,front,112.0,0.957232099951946,1.0,55.4,3715,ohcv,eight,304,mpfi,3.8,3.35,8.0,184.0,4500.0,14,16,45400.0,1.0,16.785714285714285,high,0,1,0,1,0,0,0
2025-03-14,1,122,mercury,turbo,two,rwd,front,102.7,0.8572801537722249,0.9444444444444444,54.8,2910,ohc,four,140,mpfi,3.78,3.12,8.0,175.0,5000.0,19,24,16503.0,0.2826324412889132,12.36842105263158,high,0,1,0,0,1,0,0
2025-03-15,2,161,mitsubishi,std,two,fwd,front,93.7,0.7558865929841423,0.8944444444444445,50.8,1918,ohc,four,92,2bbl,2.97,3.23,9.4,68.0,5500.0,37,41,5389.0,0.006727570627079092,6.351351351351353,low,0,1,0,0,1,0,0
2025-03-16,2,161,mitsubishi,std,two,fwd,front,93.7,0.7558865929841423,0.8944444444444445,50.8,1944,ohc,four,92,2bbl,2.97,3.23,9.4,68.0,5500.0,31,38,6189.0,0.026587557718087483,7.580645161290323,low,0,1,0,0,1,0,0
2025-03-17,2,161,bmw,std,two,fwd,front,93.7,0.7558865929841423,0.8944444444444445,50.8,2004,ohc,four,92,2bbl,2.97,3.23,9.4,68.0,5500.0,31,38,6669.0,0.038503549972692515,7.580645161290323,low,0,1,0,0,1,0,0
2025-03-18,1,161,mitsubishi,turbo,two,fwd,front,93.0,0.7558865929841423,0.8861111111111111,50.8,2145,ohc,four,98,spdi,3.03,3.39,7.6,102.0,5500.0,24,30,7689.0,0.06382503351372822,9.791666666666666,medium,0,1,0,0,1,0,0
2025-03-19,3,153,mitsubishi,turbo,two,fwd,front,96.3,0.8313310908217203,0.9083333333333334,49.4,2370,ohc,four,110,spdi,3.17,3.46,7.5,116.0,5500.0,23,30,9959.0,0.12017774688446453,10.217391304347826,medium,0,1,0,0,1,0,0
2025-03-20,3,153,mitsubishi,std,two,fwd,front,96.3,0.8313310908217203,0.9083333333333334,49.4,2328,ohc,four,122,2bbl,3.35,3.46,8.5,88.0,5000.0,25,32,8499.0,0.08393327044337422,9.4,low,0,1,0,0,1,0,0
2025-03-21,3,122,mitsubishi,turbo,two,fwd,front,95.9,0.8322921672272945,0.9208333333333332,50.2,2833,ohc,four,156,spdi,3.58,3.86,7.0,145.0,5000.0,19,24,12629.0,0.18646045380070503,12.36842105263158,medium,0,1,0,0,1,0,0
2025-03-22,3,122,mitsubishi,turbo,two,fwd,front,95.9,0.8322921672272945,0.9208333333333332,50.2,2921,ohc,four,156,spdi,3.59,3.86,7.0,145.0,5000.0,19,24,10270.0,0.12789831686609404,12.36842105263158,medium,0,1,0,0,1,0,0
2025-03-23,3,122,mitsubishi,turbo,two,fwd,front,95.9,0.8322921672272945,0.9208333333333332,50.2,2926,ohc,four,156,spdi,3.59,3.86,7.0,145.0,5000.0,19,24,14489.0,0.23263492378729952,12.36842105263158,medium,0,1,0,0,1,0,0
2025-03-24,1,125,mitsubishi,std,four,fwd,front,96.3,0.8284478616049976,0.9083333333333334,51.6,2365,ohc,four,122,2bbl,3.35,3.46,8.5,88.0,5000.0,25,32,6989.0,0.046447544809095874,9.4,low,0,1,0,0,0,1,0
2025-03-25,1,125,mitsubishi,std,four,fwd,front,96.3,0.8284478616049976,0.9083333333333334,51.6,2405,ohc,four,122,2bbl,3.35,3.46,8.5,88.0,5000.0,25,32,8189.0,0.07623752544560847,9.4,low,0,1,0,0,0,1,0
2025-03-26,1,125,mitsubishi,turbo,four,fwd,front,96.3,0.8284478616049976,0.9083333333333334,51.6,2403,ohc,four,110,spdi,3.17,3.46,7.5,116.0,5500.0,23,30,9279.0,0.10329675785710739,10.217391304347826,medium,0,1,0,0,0,1,0
2025-03-27,-1,137,mitsubishi,std,four,fwd,front,96.3,0.8284478616049976,0.9083333333333334,51.6,2403,ohc,four,110,spdi,3.17,3.46,7.5,116.0,5500.0,23,30,9279.0,0.10329675785710739,10.217391304347826,medium,0,1,0,0,0,1,0
2025-03-28,1,128,nissan,std,two,fwd,front,94.5,0.794329649207112,0.8861111111111111,54.5,1889,ohc,four,97,2bbl,3.15,3.29,9.4,69.0,5200.0,31,37,5499.0,0.009458318852092746,7.580645161290323,low,0,1,0,0,0,1,0
2025-03-29,1,128,nissan,std,two,fwd,front,94.5,0.794329649207112,0.8861111111111111,54.5,2017,ohc,four,103,idi,2.99,3.47,21.9,55.0,4800.0,45,50,7099.0,0.049178293034109526,5.222222222222221,low,1,0,0,0,0,1,0
2025-03-30,1,128,nissan,std,two,fwd,front,94.5,0.794329649207112,0.8861111111111111,54.5,1918,ohc,four,97,2bbl,3.15,3.29,9.4,69.0,5200.0,31,37,6649.0,0.03800705029541731,7.580645161290323,low,0,1,0,0,0,1,0
2025-03-31,1,122,nissan,std,four,fwd,front,94.5,0.794329649207112,0.8861111111111111,54.5,1938,ohc,four,97,2bbl,3.15,3.29,9.4,69.0,5200.0,31,37,6849.0,0.04297204706816941,7.580645161290323,low,0,1,0,0,0,1,0
2025-04-01,1,103,nissan,std,four,fwd,front,94.5,0.8178760211436809,0.8861111111111111,53.5,2024,ohc,four,97,2bbl,3.15,3.29,9.4,69.0,5200.0,31,37,7349.0,0.05538453900004965,7.580645161290323,low,0,1,0,0,1,0,0
2025-04-02,1,128,nissan,std,two,fwd,front,94.5,0.794329649207112,0.8861111111111111,54.5,1951,ohc,four,97,2bbl,3.15,3.29,9.4,69.0,5200.0,31,37,7299.0,0.05414328980686162,7.580645161290323,low,0,1,0,0,0,1,0
2025-04-03,1,128,nissan,std,two,fwd,front,94.5,0.7957712638154734,0.8861111111111111,53.3,2028,ohc,four,97,2bbl,3.15,3.29,9.4,69.0,5200.0,31,37,7799.0,0.06655578173874187,7.580645161290323,low,0,1,0,0,1,0,0
2025-04-04,1,122,nissan,std,four,fwd,front,94.5,0.794329649207112,0.8861111111111111,54.5,1971,ohc,four,97,2bbl,3.15,3.29,9.4,69.0,5200.0,31,37,7499.0,0.05910828657961372,7.580645161290323,low,0,1,0,0,0,1,0
2025-04-05,1,103,nissan,std,four,fwd,front,94.5,0.8178760211436809,0.8861111111111111,53.5,2037,ohc,four,97,2bbl,3.15,3.29,9.4,69.0,5200.0,31,37,7999.0,0.07152077851149397,7.580645161290323,low,0,1,0,0,0,0,1
2025-04-06,2,168,nissan,std,two,fwd,front,95.1,0.7803940413262855,0.8861111111111111,53.3,2008,ohc,four,97,2bbl,3.15,3.29,9.4,69.0,5200.0,31,37,8249.0,0.07772702447743408,7.580645161290323,low,0,1,0,1,0,0,0
2025-04-07,0,106,nissan,std,four,fwd,front,97.2,0.8332532436328689,0.9055555555555556,54.7,2324,ohc,four,120,2bbl,3.33,3.47,8.5,97.0,5200.0,27,34,8949.0,0.09510451318206643,8.703703703703704,low,0,1,0,0,1,0,0
2025-04-08,0,106,nissan,std,four,fwd,front,97.2,0.8332532436328689,0.9055555555555556,54.7,2302,ohc,four,120,2bbl,3.33,3.47,8.5,97.0,5200.0,27,34,9549.0,0.10999950350032273,8.703703703703704,low,0,1,0,0,0,1,0
2025-04-09,0,128,nissan,std,four,fwd,front,100.4,0.8731379144641999,0.9236111111111112,55.1,3095,ohcv,six,181,mpfi,3.43,3.27,9.0,152.0,5200.0,17,22,13499.0,0.20805818976217666,13.823529411764708,medium,0,1,0,0,0,1,0
2025-04-10,0,108,nissan,std,four,fwd,front,100.4,0.8870735223450265,0.9236111111111112,56.1,3296,ohcv,six,181,mpfi,3.43,3.27,9.0,152.0,5200.0,17,22,14399.0,0.2304006752395611,13.823529411764708,medium,0,1,0,0,0,0,1
2025-04-11,0,108,toyota,std,four,fwd,front,100.4,0.8870735223450265,0.9236111111111112,55.1,3060,ohcv,six,181,mpfi,3.43,3.27,9.0,152.0,5200.0,19,25,13499.0,0.20805818976217666,12.36842105263158,medium,0,1,0,0,0,1,0
2025-04-12,3,194,nissan,std,two,rwd,front,91.3,0.8202787121576165,0.9430555555555556,49.7,3071,ohcv,six,181,mpfi,3.43,3.27,9.0,160.0,5200.0,19,25,17199.0,0.2999106300580905,12.36842105263158,high,0,1,0,0,1,0,0
2025-04-13,3,194,nissan,turbo,two,rwd,front,91.3,0.8202787121576165,0.9430555555555556,49.7,3139,ohcv,six,181,mpfi,3.43,3.27,7.8,200.0,5200.0,17,23,19699.0,0.3619730897174917,13.823529411764708,high,0,1,0,0,1,0,0
2025-04-14,1,231,nissan,std,two,rwd,front,99.2,0.8577606919750121,0.9430555555555556,49.7,3139,ohcv,six,181,mpfi,3.43,3.27,9.0,160.0,5200.0,19,25,18399.0,0.32970061069460305,12.36842105263158,high,0,1,0,0,1,0,0
2025-04-15,0,161,peugot,std,four,rwd,front,107.9,0.897164824603556,0.95,56.7,3020,l,four,120,mpfi,3.46,3.19,8.4,97.0,5000.0,19,24,11900.0,0.16836304056402362,12.36842105263158,low,0,1,0,0,0,1,0
2025-04-16,0,161,peugot,turbo,four,rwd,front,107.9,0.897164824603556,0.95,56.7,3197,l,four,152,idi,3.7,3.52,21.0,95.0,4150.0,28,33,13200.0,0.20063551958691228,8.392857142857142,low,1,0,0,0,0,1,0
2025-04-17,0,122,peugot,std,four,rwd,front,114.2,0.9557904853435848,0.95,58.7,3230,l,four,120,mpfi,3.46,3.19,8.4,97.0,5000.0,19,24,12440.0,0.1817685318504543,12.36842105263158,low,0,1,0,0,0,0,1
2025-04-18,0,122,peugot,turbo,four,rwd,front,114.2,0.9557904853435848,0.95,58.7,3430,l,four,152,idi,3.7,3.52,21.0,95.0,4150.0,25,25,13860.0,0.2170200089369942,9.4,low,1,0,0,0,0,0,1
2025-04-19,0,161,peugot,std,four,rwd,front,107.9,0.897164824603556,0.95,56.7,3075,l,four,120,mpfi,3.46,2.19,8.4,95.0,5000.0,19,24,15580.0,0.25971898118266223,12.36842105263158,low,0,1,0,0,0,1,0
2025-04-20,0,161,peugot,turbo,four,rwd,front,107.9,0.897164824603556,0.95,56.7,3252,l,four,152,idi,3.7,3.52,21.0,95.0,4150.0,28,33,16900.0,0.29248795988282605,8.392857142857142,low,1,0,0,0,0,1,0
2025-04-21,0,122,toyota,std,four,rwd,front,114.2,0.9557904853435848,0.95,56.7,3285,l,four,120,mpfi,3.46,2.19,8.4,95.0,5000.0,19,24,16695.0,0.2873988381907552,12.36842105263158,low,0,1,0,0,0,0,1
2025-04-22,0,122,peugot,turbo,four,rwd,front,114.2,0.9557904853435848,0.95,58.7,3485,l,four,152,idi,3.7,3.52,21.0,95.0,4150.0,25,25,17075.0,0.2968323320589842,9.4,low,1,0,0,0,0,0,1
2025-04-23,0,161,peugot,std,four,rwd,front,107.9,0.897164824603556,0.95,56.7,3075,l,four,120,mpfi,3.46,3.19,8.4,97.0,5000.0,19,24,16630.0,0.28578521423961073,12.36842105263158,low,0,1,0,0,0,1,0
2025-04-24,0,161,peugot,turbo,four,rwd,front,107.9,0.897164824603556,0.95,56.7,3252,l,four,152,idi,3.7,3.52,21.0,95.0,4150.0,28,33,17950.0,0.3185541929397746,8.392857142857142,low,1,0,0,0,0,1,0
2025-04-25,0,161,peugot,turbo,four,rwd,front,108.0,0.897164824603556,0.9486111111111112,56.0,3130,l,four,134,mpfi,3.61,3.21,7.0,142.0,5600.0,18,24,18150.0,0.3235191897125267,13.055555555555555,medium,0,1,0,0,0,1,0
2025-04-26,1,119,plymouth,std,two,fwd,front,93.7,0.7558865929841423,0.8861111111111111,50.8,1918,ohc,four,90,2bbl,2.97,3.23,9.4,68.0,5500.0,37,41,5572.0,0.011270542674147262,6.351351351351353,low,0,1,0,0,1,0,0
2025-04-27,1,119,plymouth,turbo,two,fwd,front,93.7,0.7558865929841423,0.8861111111111111,50.8,2128,ohc,four,98,spdi,3.03,3.39,7.6,102.0,5500.0,24,30,7957.0,0.07047812918921603,9.791666666666666,medium,0,1,0,0,1,0,0
2025-04-28,1,154,plymouth,std,four,fwd,front,93.7,0.7558865929841423,0.8861111111111111,50.6,1967,ohc,four,90,2bbl,2.97,3.23,9.4,68.0,5500.0,31,38,6229.0,0.0275805570726379,7.580645161290323,low,0,1,0,0,1,0,0
2025-04-29,1,154,plymouth,std,four,fwd,front,93.7,0.8039404132628545,0.8861111111111111,50.8,1989,ohc,four,90,2bbl,2.97,3.23,9.4,68.0,5500.0,31,38,6692.0,0.03907452460155901,7.580645161290323,low,0,1,0,0,0,1,0
2025-04-30,1,154,plymouth,std,four,fwd,front,93.7,0.8039404132628545,0.8861111111111111,50.8,2191,ohc,four,98,2bbl,2.97,3.23,9.4,68.0,5500.0,31,38,7609.0,0.06183903480462738,7.580645161290323,low,0,1,0,0,0,1,0
2025-05-01,-1,74,plymouth,std,four,fwd,front,103.3,0.8390197020663143,0.8972222222222221,59.8,2535,ohc,four,122,2bbl,3.35,3.46,8.5,95.0,5000.0,24,30,8921.0,0.09440941363388114,9.791666666666666,low,0,1,0,0,0,0,1
2025-05-02,3,122,plymouth,turbo,two,rwd,front,95.9,0.8322921672272945,0.9208333333333332,50.2,2818,ohc,four,156,spdi,3.59,3.86,7.0,145.0,5000.0,19,24,12764.0,0.1898118266223127,12.36842105263158,medium,0,1,0,0,1,0,0
2025-05-03,3,186,porsche,std,two,rwd,front,94.5,0.8116290245074483,0.9486111111111112,50.2,2778,ohc,four,151,mpfi,3.94,3.11,9.5,143.0,5500.0,19,27,22018.0,0.41954222729755225,12.36842105263158,medium,0,1,0,0,1,0,0
2025-05-04,3,122,porsche,std,two,rwd,rear,89.5,0.8116290245074483,0.9027777777777778,51.6,2756,ohcf,six,194,mpfi,3.74,2.9,9.5,207.0,5900.0,17,25,32528.0,0.680452807705675,13.823529411764708,high,0,1,0,1,0,0,0
2025-05-05,3,122,porsche,std,two,rwd,rear,89.5,0.8116290245074483,0.9027777777777778,51.6,2756,ohcf,six,194,mpfi,3.74,2.9,9.5,207.0,5900.0,17,25,34028.0,0.7176902835013157,13.823529411764708,high,0,1,0,1,0,0,0
2025-05-06,3,122,porsche,std,two,rwd,rear,89.5,0.8116290245074483,0.9027777777777778,51.6,2800,ohcf,six,194,mpfi,3.74,2.9,9.5,207.0,5900.0,17,25,37028.0,0.7921652350925972,13.823529411764708,high,0,1,1,0,0,0,0
2025-05-07,0,122,renault,std,four,fwd,front,96.1,0.8721768380586257,0.9236111111111112,55.2,2579,ohc,four,132,mpfi,3.46,3.9,8.7,104.256157635468,5125.369458128079,23,31,9295.0,0.10369395759892756,10.217391304347826,medium,0,1,0,0,0,0,1
2025-05-08,2,122,renault,std,two,fwd,front,96.1,0.8495915425276309,0.925,50.5,2460,ohc,four,132,mpfi,3.46,3.9,8.7,104.256157635468,5125.369458128079,23,31,9895.0,0.11858894791718386,10.217391304347826,medium,0,1,0,0,1,0,0
2025-05-09,3,150,saab,std,two,fwd,front,99.1,0.8966842864007688,0.9236111111111112,56.1,2658,ohc,four,121,mpfi,3.54,3.07,9.31,110.0,5250.0,21,28,11850.0,0.1671217913708356,11.190476190476188,medium,0,1,0,0,1,0,0
2025-05-10,2,104,saab,std,four,fwd,front,99.1,0.8966842864007688,0.9236111111111112,56.1,2695,ohc,four,121,mpfi,3.54,3.07,9.3,110.0,5250.0,21,28,12170.0,0.17506578620723898,11.190476190476188,medium,0,1,0,0,0,1,0
2025-05-11,3,150,saab,std,two,fwd,front,99.1,0.8966842864007688,0.9236111111111112,56.1,2707,ohc,four,121,mpfi,2.54,2.07,9.3,110.0,5250.0,21,28,15040.0,0.24631348989623156,11.190476190476188,medium,0,1,0,0,1,0,0
2025-05-12,2,104,saab,std,four,fwd,front,99.1,0.8966842864007688,0.9236111111111112,56.1,2758,ohc,four,121,mpfi,3.54,3.07,9.3,110.0,5250.0,21,28,15510.0,0.257981232312199,11.190476190476188,medium,0,1,0,0,0,1,0
2025-05-13,3,150,saab,turbo,two,fwd,front,99.1,0.8966842864007688,0.9236111111111112,56.1,2808,dohc,four,121,mpfi,3.54,3.07,9.0,160.0,5500.0,19,26,18150.0,0.3235191897125267,12.36842105263158,high,0,1,0,0,1,0,0
2025-05-14,2,104,saab,turbo,four,fwd,front,99.1,0.8966842864007688,0.9236111111111112,56.1,2847,dohc,four,121,mpfi,3.54,3.07,9.0,160.0,5500.0,19,26,18620.0,0.3351869321284941,12.36842105263158,high,0,1,0,0,0,1,0
2025-05-15,2,83,subaru,std,two,fwd,front,93.7,0.7539644401729938,0.8805555555555555,53.7,2050,ohcf,four,97,2bbl,3.62,2.36,9.0,69.0,4900.0,31,36,5118.0,0.0,7.580645161290323,low,0,1,0,0,1,0,0
2025-05-16,2,83,subaru,std,two,fwd,front,93.7,0.758769822200865,0.8833333333333333,53.7,2120,ohcf,four,108,2bbl,3.62,2.64,8.7,73.0,4400.0,26,31,7053.0,0.04803634377637655,9.038461538461537,low,0,1,0,0,1,0,0
2025-05-17,2,83,subaru,std,two,4wd,front,93.3,0.7558865929841423,0.8861111111111111,55.7,2240,ohcf,four,108,2bbl,3.62,2.64,8.7,73.0,4400.0,26,31,7603.0,0.061690084901444814,9.038461538461537,low,0,1,0,0,1,0,0
2025-05-18,0,102,subaru,std,four,fwd,front,97.2,0.8265257087938491,0.9083333333333334,52.5,2145,ohcf,four,108,2bbl,3.62,2.64,9.5,82.0,4800.0,32,37,7126.0,0.04984856759843106,7.34375,low,0,1,0,0,0,1,0
2025-05-19,0,102,subaru,std,four,fwd,front,97.2,0.8265257087938491,0.9083333333333334,52.5,2190,ohcf,four,108,2bbl,3.62,2.64,9.5,82.0,4400.0,28,33,7775.0,0.06595998212601162,8.392857142857142,low,0,1,0,0,0,1,0
2025-05-20,0,102,subaru,std,four,fwd,front,97.2,0.8265257087938491,0.9083333333333334,52.5,2340,ohcf,four,108,mpfi,3.62,2.64,9.0,94.0,5200.0,26,32,9960.0,0.12020257186832829,9.038461538461537,low,0,1,0,0,0,1,0
2025-05-21,0,102,subaru,std,four,4wd,front,97.0,0.8265257087938491,0.9083333333333334,54.3,2385,ohcf,four,108,2bbl,3.62,2.64,9.0,82.0,4800.0,24,25,9233.0,0.10215480859937441,9.791666666666666,low,0,1,0,0,0,1,0
2025-05-22,0,102,subaru,turbo,four,4wd,front,97.0,0.8265257087938491,0.9083333333333334,54.3,2510,ohcf,four,108,mpfi,3.62,2.64,7.7,111.0,4800.0,24,29,11259.0,0.15245022590735316,9.791666666666666,medium,0,1,0,0,0,1,0
2025-05-23,0,89,subaru,std,four,fwd,front,97.0,0.8337337818356559,0.9083333333333334,53.0,2290,ohcf,four,108,2bbl,3.62,2.64,9.0,82.0,4800.0,28,32,7463.0,0.05821458716051835,8.392857142857142,low,0,1,0,0,0,0,1
2025-05-24,0,89,subaru,std,four,fwd,front,97.0,0.8337337818356559,0.9083333333333334,53.0,2455,ohcf,four,108,mpfi,3.62,2.64,9.0,94.0,5200.0,25,31,10198.0,0.12611091802790328,9.4,low,0,1,0,0,0,0,1
2025-05-25,0,85,subaru,std,four,4wd,front,96.9,0.8342143200384431,0.9083333333333334,54.9,2420,ohcf,four,108,2bbl,3.62,2.64,9.0,82.0,4800.0,23,29,8013.0,0.07186832828558662,10.217391304347826,low,0,1,0,0,0,0,1
2025-05-26,0,85,subaru,turbo,four,4wd,front,96.9,0.8342143200384431,0.9083333333333334,54.9,2650,ohcf,four,108,mpfi,3.62,2.64,7.7,111.0,4800.0,23,23,11694.0,0.16324909388808898,10.217391304347826,medium,0,1,0,0,0,0,1
2025-05-27,1,87,toyota,std,two,fwd,front,95.7,0.762614127823162,0.8833333333333333,54.5,1985,ohc,four,92,2bbl,3.05,3.03,9.0,62.0,4800.0,35,39,5348.0,0.005709746288664912,6.7142857142857135,low,0,1,0,0,1,0,0
2025-05-28,1,87,toyota,std,two,fwd,front,95.7,0.762614127823162,0.8833333333333333,54.5,2040,ohc,four,92,2bbl,3.05,3.03,9.0,62.0,4800.0,31,38,6338.0,0.030286480313787795,7.580645161290323,low,0,1,0,0,1,0,0
2025-05-29,1,74,toyota,std,four,fwd,front,95.7,0.762614127823162,0.8833333333333333,54.5,2015,ohc,four,92,2bbl,3.05,3.03,9.0,62.0,4800.0,31,38,6488.0,0.03401022789335187,7.580645161290323,low,0,1,0,0,1,0,0
2025-05-30,0,77,toyota,std,four,fwd,front,95.7,0.8154733301297453,0.8833333333333333,59.1,2280,ohc,four,92,2bbl,3.05,3.03,9.0,62.0,4800.0,31,37,6918.0,0.04468497095476888,7.580645161290323,low,0,1,0,0,0,0,1
2025-05-31,0,81,toyota,std,four,4wd,front,95.7,0.8154733301297453,0.8833333333333333,59.1,2290,ohc,four,92,2bbl,3.05,3.03,9.0,62.0,4800.0,27,32,7898.0,0.06901345514125416,8.703703703703704,low,0,1,0,0,0,0,1
2025-06-01,0,91,toyota,std,four,4wd,front,95.7,0.8154733301297453,0.8833333333333333,59.1,3110,ohc,four,92,2bbl,3.05,3.03,9.0,62.0,4800.0,27,32,8778.0,0.09085944094136339,8.703703703703704,low,0,1,0,0,0,0,1
2025-06-02,0,91,toyota,std,four,fwd,front,95.7,0.7991350312349833,0.8944444444444445,53.0,2081,ohc,four,98,2bbl,3.19,3.03,9.0,70.0,4800.0,30,37,6938.0,0.04518147063204409,7.833333333333332,low,0,1,0,0,0,1,0
2025-06-03,0,91,toyota,std,four,fwd,front,95.7,0.7991350312349833,0.8944444444444445,52.8,2109,ohc,four,98,2bbl,3.19,3.03,9.0,70.0,4800.0,30,37,7198.0,0.051635966436621814,7.833333333333332,low,0,1,0,0,1,0,0
2025-06-04,0,91,toyota,std,four,fwd,front,95.7,0.7991350312349833,0.8944444444444445,53.0,2275,ohc,four,110,idi,3.27,3.35,22.5,56.0,4500.0,34,36,7898.0,0.06901345514125416,6.911764705882352,low,1,0,0,0,0,1,0
2025-06-05,0,91,toyota,std,four,fwd,front,95.7,0.7991350312349833,0.8944444444444445,52.8,2275,ohc,four,110,idi,3.27,3.35,22.5,56.0,4500.0,38,47,7788.0,0.06628270691624051,6.184210526315789,low,1,0,0,0,1,0,0
2025-06-06,0,91,toyota,std,four,fwd,front,95.7,0.7991350312349833,0.8944444444444445,53.0,2094,ohc,four,98,2bbl,3.19,3.03,9.0,70.0,4800.0,38,47,7738.0,0.06504145772305248,6.184210526315789,low,0,1,0,0,0,1,0
2025-06-07,0,91,toyota,std,four,fwd,front,95.7,0.7991350312349833,0.8944444444444445,52.8,2122,ohc,four,98,2bbl,3.19,3.03,9.0,70.0,4800.0,28,34,8358.0,0.08043294771858399,8.392857142857142,low,0,1,0,0,1,0,0
2025-06-08,0,91,toyota,std,four,fwd,front,95.7,0.7991350312349833,0.8944444444444445,52.8,2140,ohc,four,98,2bbl,3.19,3.03,9.0,70.0,4800.0,28,34,9258.0,0.10277543319596842,8.392857142857142,low,0,1,0,0,0,1,0
2025-06-09,1,168,toyota,std,two,rwd,front,94.5,0.810667948101874,0.8888888888888888,52.6,2169,ohc,four,98,2bbl,3.19,3.03,9.0,70.0,4800.0,29,34,8058.0,0.07298545255945584,8.103448275862071,low,0,1,0,0,0,1,0
2025-06-10,1,168,toyota,std,two,rwd,front,94.5,0.810667948101874,0.8888888888888888,52.6,2204,ohc,four,98,2bbl,3.19,3.03,9.0,70.0,4800.0,29,34,8238.0,0.07745394965493273,8.103448275862071,low,0,1,0,0,1,0,0
2025-06-11,1,168,toyota,std,two,rwd,front,94.5,0.810667948101874,0.8888888888888888,52.6,2265,dohc,four,98,mpfi,3.24,3.08,9.4,112.0,6600.0,26,29,9298.0,0.10376843255051885,9.038461538461537,medium,0,1,0,0,0,1,0
2025-06-12,1,168,toyota,std,two,rwd,front,94.5,0.810667948101874,0.8888888888888888,52.6,2300,dohc,four,98,mpfi,3.24,3.08,9.4,112.0,6600.0,26,29,9538.0,0.10972642867782136,9.038461538461537,medium,0,1,0,0,1,0,0
2025-06-13,2,134,toyota,std,two,rwd,front,98.4,0.8467083133109082,0.9111111111111108,52.0,2540,ohc,four,146,mpfi,3.62,3.5,9.3,116.0,4800.0,24,30,8449.0,0.08269202125018618,9.791666666666666,medium,0,1,0,1,0,0,0
2025-06-14,2,134,toyota,std,two,rwd,front,98.4,0.8467083133109082,0.9111111111111108,52.0,2536,ohc,four,146,mpfi,3.62,3.5,9.3,116.0,4800.0,24,30,9639.0,0.11223375204806117,9.791666666666666,medium,0,1,0,1,0,0,0
2025-06-15,2,134,toyota,std,two,rwd,front,98.4,0.8467083133109082,0.9111111111111108,52.0,2551,ohc,four,146,mpfi,3.62,3.5,9.3,116.0,4800.0,24,30,9989.0,0.12092249640037733,9.791666666666666,medium,0,1,0,0,1,0,0
2025-06-16,2,134,toyota,std,two,rwd,front,98.4,0.8467083133109082,0.9111111111111108,52.0,2679,ohc,four,146,mpfi,3.62,3.5,9.3,116.0,4800.0,24,30,11199.0,0.15096072687552753,9.791666666666666,medium,0,1,0,1,0,0,0
2025-06-17,2,134,toyota,std,two,rwd,front,98.4,0.8467083133109082,0.9111111111111108,52.0,2714,ohc,four,146,mpfi,3.62,3.5,9.3,116.0,4800.0,24,30,11549.0,0.1596494712278437,9.791666666666666,medium,0,1,0,0,1,0,0
2025-06-18,2,134,toyota,std,two,rwd,front,98.4,0.8467083133109082,0.9111111111111108,53.0,2975,ohc,four,146,mpfi,3.62,3.5,9.3,116.0,4800.0,24,30,17669.0,0.3115783724740579,9.791666666666666,medium,0,1,1,0,0,0,0
2025-06-19,-1,65,toyota,std,four,fwd,front,102.4,0.8438250840941854,0.9236111111111112,54.9,2326,ohc,four,122,mpfi,3.31,3.54,8.7,92.0,4200.0,29,34,8948.0,0.09507968819820267,8.103448275862071,low,0,1,0,0,0,1,0
2025-06-20,-1,65,toyota,turbo,four,fwd,front,102.4,0.8438250840941854,0.9236111111111112,54.9,2480,ohc,four,110,idi,3.27,3.35,22.5,73.0,4500.0,30,33,10698.0,0.13852340995978352,7.833333333333332,low,1,0,0,0,0,1,0
2025-06-21,-1,65,toyota,std,four,fwd,front,102.4,0.8438250840941854,0.9236111111111112,53.9,2414,ohc,four,122,mpfi,3.31,3.54,8.7,92.0,4200.0,27,32,9988.0,0.12089767141651359,8.703703703703704,low,0,1,0,0,1,0,0
2025-06-22,-1,65,toyota,std,four,fwd,front,102.4,0.8438250840941854,0.9236111111111112,54.9,2414,ohc,four,122,mpfi,3.31,3.54,8.7,92.0,4200.0,27,32,10898.0,0.14348840673253563,8.703703703703704,low,0,1,0,0,0,1,0
2025-06-23,-1,65,toyota,std,four,fwd,front,102.4,0.8438250840941854,0.9236111111111112,53.9,2458,ohc,four,122,mpfi,3.31,3.54,8.7,92.0,4200.0,27,32,11248.0,0.1521771510848518,8.703703703703704,low,0,1,0,0,1,0,0
2025-06-24,3,197,toyota,std,two,rwd,front,102.9,0.8817876021143681,0.9402777777777778,52.0,2976,dohc,six,171,mpfi,3.27,3.35,9.3,161.0,5200.0,20,24,16558.0,0.28399781540142,11.75,high,0,1,0,0,1,0,0
2025-06-25,3,197,toyota,std,two,rwd,front,102.9,0.8817876021143681,0.9402777777777778,52.0,3016,dohc,six,171,mpfi,3.27,3.35,9.3,161.0,5200.0,19,24,15998.0,0.2700958244377141,12.36842105263158,high,0,1,0,0,1,0,0
2025-06-26,-1,90,toyota,std,four,rwd,front,104.5,0.9024507448342144,0.9236111111111112,54.1,3131,dohc,six,171,mpfi,3.27,3.35,9.2,156.0,5200.0,20,24,15690.0,0.26244972940767586,11.75,high,0,1,0,0,0,1,0
2025-06-27,-1,122,toyota,std,four,rwd,front,104.5,0.9024507448342144,0.9236111111111112,54.1,3151,dohc,six,161,mpfi,3.27,3.35,9.2,156.0,5200.0,19,24,15750.0,0.2639392284395015,12.36842105263158,high,0,1,0,0,0,0,1
2025-06-28,2,122,volkswagen,std,two,fwd,front,97.3,0.8250840941854877,0.9097222222222222,55.7,2261,ohc,four,97,idi,3.01,3.4,23.0,52.0,4800.0,37,46,7775.0,0.06595998212601162,6.351351351351353,low,1,0,0,0,0,1,0
2025-06-29,2,122,volkswagen,std,two,fwd,front,97.3,0.8250840941854877,0.9097222222222222,55.7,2209,ohc,four,109,mpfi,3.19,3.4,9.0,85.0,5250.0,27,34,7975.0,0.07092497889876372,8.703703703703704,low,0,1,0,0,0,1,0
2025-06-30,2,94,volkswagen,std,four,fwd,front,97.3,0.8250840941854877,0.9097222222222222,55.7,2264,ohc,four,97,idi,3.01,3.4,23.0,52.0,4800.0,37,46,7995.0,0.07142147857603892,6.351351351351353,low,1,0,0,0,0,1,0
2025-07-01,2,94,volkswagen,std,four,fwd,front,97.3,0.8250840941854877,0.9097222222222222,55.7,2212,ohc,four,109,mpfi,3.19,3.4,9.0,85.0,5250.0,27,34,8195.0,0.07638647534879102,8.703703703703704,low,0,1,0,0,0,1,0
2025-07-02,2,94,volkswagen,std,four,fwd,front,97.3,0.8250840941854877,0.9097222222222222,55.7,2275,ohc,four,109,mpfi,3.19,3.4,9.0,85.0,5250.0,27,34,8495.0,0.08383397050791917,8.703703703703704,low,0,1,0,0,0,1,0
2025-07-03,2,94,volkswagen,turbo,four,fwd,front,97.3,0.8250840941854877,0.9097222222222222,55.7,2319,ohc,four,97,idi,3.01,3.4,23.0,68.0,4500.0,37,42,9495.0,0.10865895437167966,6.351351351351353,low,1,0,0,0,0,1,0
2025-07-04,2,94,volkswagen,std,four,fwd,front,97.3,0.8250840941854877,0.9097222222222222,55.7,2300,ohc,four,109,mpfi,3.19,3.4,10.0,100.0,5500.0,26,32,9995.0,0.1210714463035599,9.038461538461537,low,0,1,0,0,0,1,0
2025-07-05,3,122,volkswagen,std,two,fwd,front,94.5,0.7654973570398848,0.8916666666666667,55.6,2254,ohc,four,109,mpfi,3.19,3.4,8.5,90.0,5500.0,24,29,11595.0,0.16079142048557668,9.791666666666666,low,0,1,1,0,0,0,0
2025-07-06,3,256,volkswagen,std,two,fwd,front,94.5,0.7962518020182604,0.8888888888888888,51.4,2221,ohc,four,109,mpfi,3.19,3.4,8.5,90.0,5500.0,24,29,9980.0,0.1206990715456035,9.791666666666666,low,0,1,0,0,1,0,0
2025-07-07,0,122,volkswagen,std,four,fwd,front,100.4,0.8659298414223928,0.9291666666666668,55.1,2661,ohc,five,136,mpfi,3.19,3.4,8.5,110.0,5500.0,19,24,13295.0,0.2029938930539695,12.36842105263158,medium,0,1,0,0,0,1,0
2025-07-08,0,122,volkswagen,turbo,four,fwd,front,100.4,0.8659298414223928,0.9291666666666668,55.1,2579,ohc,four,97,idi,3.01,3.4,23.0,68.0,4500.0,33,38,13845.0,0.2166476341790378,7.121212121212121,low,1,0,0,0,0,1,0
2025-07-09,0,122,volkswagen,std,four,fwd,front,100.4,0.8798654493032196,0.9291666666666668,55.1,2563,ohc,four,109,mpfi,3.19,3.4,9.0,88.0,5500.0,25,31,12290.0,0.1780447842708902,9.4,low,0,1,0,0,0,0,1
2025-07-10,-2,103,volvo,std,four,rwd,front,104.3,0.9072561268620856,0.9333333333333332,56.2,2912,ohc,four,141,mpfi,3.78,3.15,9.5,114.0,5400.0,23,28,12940.0,0.19418102378233454,10.217391304347826,medium,0,1,0,0,0,1,0
2025-07-11,-1,74,volvo,std,four,rwd,front,104.3,0.9072561268620856,0.9333333333333332,57.5,3034,ohc,four,141,mpfi,3.78,3.15,9.5,114.0,5400.0,23,28,13415.0,0.20597289111762077,10.217391304347826,medium,0,1,0,0,0,0,1
2025-07-12,-2,103,volvo,std,four,rwd,front,104.3,0.9072561268620856,0.9333333333333332,56.2,2935,ohc,four,141,mpfi,3.78,3.15,9.5,114.0,5400.0,24,28,15985.0,0.26977309964748525,9.791666666666666,medium,0,1,0,0,0,1,0
2025-07-13,-1,74,volvo,std,four,rwd,front,104.3,0.9072561268620856,0.9333333333333332,57.5,3042,ohc,four,141,mpfi,3.78,3.15,9.5,114.0,5400.0,24,28,16515.0,0.2829303410952783,9.791666666666666,medium,0,1,0,0,0,0,1
2025-07-14,-2,103,volvo,turbo,four,rwd,front,104.3,0.9072561268620856,0.9333333333333332,56.2,3045,ohc,four,130,mpfi,3.62,3.15,7.5,162.0,5100.0,17,22,18420.0,0.330221935355742,13.823529411764708,high,0,1,0,0,0,1,0
2025-07-15,-1,74,volvo,turbo,four,rwd,front,104.3,0.9072561268620856,0.9333333333333332,57.5,3157,ohc,four,130,mpfi,3.62,3.15,7.5,162.0,5100.0,17,22,18950.0,0.3433791768035351,13.823529411764708,high,0,1,0,0,0,0,1
2025-07-16,-1,95,volvo,std,four,rwd,front,109.1,0.9072561268620856,0.9569444444444444,55.5,2952,ohc,four,141,mpfi,3.78,3.15,9.5,114.0,5400.0,23,28,16845.0,0.29112258577031924,10.217391304347826,medium,0,1,0,0,0,1,0
2025-07-17,-1,95,volvo,turbo,four,rwd,front,109.1,0.9072561268620856,0.9555555555555556,55.5,3049,ohc,four,141,mpfi,3.78,3.15,8.7,160.0,5300.0,19,25,19045.0,0.34573755027059233,12.36842105263158,high,0,1,0,0,0,1,0
2025-07-18,-1,95,volvo,std,four,rwd,front,109.1,0.9072561268620856,0.9569444444444444,55.5,3012,ohcv,six,173,mpfi,3.58,2.87,8.8,134.0,5500.0,18,23,21485.0,0.40631051089816794,13.055555555555555,medium,0,1,0,0,0,1,0
2025-07-19,-1,95,volvo,turbo,four,rwd,front,109.1,0.9072561268620856,0.9569444444444444,55.5,3217,ohc,six,145,idi,3.01,3.4,23.0,106.0,4800.0,26,27,22470.0,0.430763120003972,9.038461538461537,medium,1,0,0,0,0,1,0
2025-07-20,-1,95,volvo,turbo,four,rwd,front,109.1,0.9072561268620856,0.9569444444444444,55.5,3062,ohc,four,141,mpfi,3.78,3.15,9.5,114.0,5400.0,19,25,22625.0,0.4346109925028549,12.36842105263158,medium,0,1,0,0,0,1,0
